"date","script","status"
"2026-06-05","example","green"
"2026-06-06","example","green"
"2026-06-07","example","green"
"2026-06-08","example","green"
"2026-06-09","example","green"
"2026-06-10","example","green"
"2026-06-11","example","green"
"2026-06-12","example","green"
"2026-06-13","example","green"
"2026-06-14","example","green"
"2026-06-15","example","green"
"2026-06-16","example","green"
"2026-06-17","example","green"
"2026-06-18","example","green"
"2026-06-19","example","green"
"2026-06-20","example","green"
"2026-06-21","example","green"
"2026-06-22","example","green"
"2026-06-23","example","green"
"2026-06-24","example","green"
"2026-06-25","example","green"
"2026-06-26","example","green"
"2026-06-27","example","green"
"2026-06-28","example","green"
"2026-06-29","example","green"
"2026-06-30","example","green"
"2026-07-01","example","green"
"2026-07-02","example","green"
"2026-07-03","example","green"
"2026-07-04","example","green"
"2026-07-05","example","green"
"2026-07-06","example","green"
"2026-07-07","example","green"
"2026-07-08","example","green"
"2026-07-09","example","green"
"2026-07-10","example","green"
"2026-07-11","example","green"
"2026-07-12","example","green"
"2026-07-13","example","green"
